{"generate_lens": [7737, 7737, 7737, 7737, 7737, 7737, 7737, 7737, 7906, 7376, 7906, 7906, 7906, 7906, 7906, 7906, 7662, 7662, 7662, 7662, 7662, 7662, 7662, 7662, 7827, 7827, 3212, 7827, 7827, 7827, 7827, 7827, 7751, 7751, 7751, 1537, 7751, 7751, 7751, 7751, 7937, 7937, 7937, 7937, 7937, 7937, 7937, 7937, 7783, 7783, 7783, 7783, 7783, 7783, 7783, 7783, 7969, 1686, 6898, 7969, 7969, 7969, 7969, 7969, 7916, 7916, 7916, 7916, 7916, 7916, 7916, 7916, 7588, 7588, 7588, 7588, 7588, 7588, 7588, 7588, 7405, 7405, 7405, 1454, 7405, 7405, 7405, 2019, 7370, 7370, 7370, 7370, 7370, 7370, 7370, 7370, 7771, 7771, 7771, 7771, 7771, 7771, 7771, 7771, 7695, 7695, 7695, 7695, 7695, 7695, 7695, 7695, 7888, 7888, 7888, 7888, 7888, 7888, 7888, 7888, 1252, 5434, 5434, 5434, 5434, 5434, 5434, 5434, 7851, 7851, 7851, 7851, 7851, 7851, 7816, 7851, 7805, 1478, 7805, 7805, 7805, 7805, 7805, 7805, 7904, 7904, 7904, 7904, 7904, 7904, 7904, 7904, 7660, 7660, 7660, 7660, 823, 7660, 7660, 7660, 7301, 7301, 7301, 7301, 7301, 7301, 7301, 7301, 7932, 7932, 7932, 7932, 7932, 7932, 7932, 7932, 7770, 7770, 7770, 7770, 7770, 7770, 7770, 7770, 7646, 7646, 7646, 7646, 7646, 7646, 7646, 7646, 7943, 7943, 7943, 7943, 7943, 7943], "total_time": 734.5145619034769, "overall_sparsity": 72.58093562969879}