{"generate_lens": [7737, 7737, 7737, 7737, 7737, 7737, 7737, 7737, 7906, 7906, 7906, 7906, 7906, 7906, 7906, 7906, 7662, 7662, 7662, 1567, 7662, 7662, 7662, 7662, 7827, 7827, 1682, 7827, 7827, 7827, 7827, 7827, 7751, 7751, 7751, 1365, 7020, 7751, 7751, 7751, 7937, 7937, 7937, 7937, 7937, 7937, 7937, 7937, 7783, 7783, 7783, 7783, 7783, 7783, 7783, 7783, 7969, 1559, 7969, 7969, 7969, 5175, 7969, 7969, 7916, 7916, 7916, 7916, 7916, 7916, 7916, 7916, 7588, 7588, 7588, 7588, 7588, 7158, 7588, 7588, 7405, 7405, 7405, 2024, 7405, 7405, 7405, 1835, 7370, 7370, 7370, 7370, 7370, 7370, 7370, 7370, 7771, 7771, 7771, 7771, 7771, 7771, 7771, 7771, 7695, 7695, 1776, 7695, 7695, 7695, 7695, 7695, 7888, 7888, 7888, 7888, 7888, 7888, 7888, 7888, 1466, 5434, 5434, 5434, 5434, 5434, 5434, 5434, 7851, 7851, 7851, 7851, 7851, 7851, 7851, 7851, 7805, 1416, 7805, 7805, 7805, 7805, 7805, 7805, 7904, 7904, 7904, 7904, 7904, 7904, 7904, 2010, 7660, 7660, 7660, 7660, 1364, 7660, 7660, 7660, 7172, 7301, 7301, 7301, 7301, 7301, 7301, 7301, 7932, 7932, 7932, 7932, 7932, 7932, 7932, 7932, 7770, 7770, 7770, 7770, 7770, 7770, 7770, 7770, 7646, 7646, 7646, 7646, 7646, 7646, 7646, 7646, 7943, 7943, 7943, 7943, 7943, 7943], "total_time": 846.3828073541322, "overall_sparsity": 71.36728455638452}