{"generate_lens": [7737, 7737, 7737, 1668, 7737, 7737, 7737, 7737, 7906, 7906, 1793, 7830, 7906, 7906, 7906, 7906, 7662, 7662, 7662, 7662, 7662, 7662, 7662, 7662, 7827, 7827, 1918, 7827, 7827, 7827, 7827, 7827, 7751, 7751, 7751, 1802, 7751, 7751, 7751, 1583, 7937, 7937, 7937, 7937, 7937, 7937, 7937, 7937, 7783, 7783, 7783, 7783, 7783, 7783, 6692, 7783, 7969, 1708, 7969, 7969, 7969, 7969, 7969, 7969, 7916, 7916, 7916, 7916, 7916, 7916, 7916, 7916, 7588, 7588, 7588, 7588, 7588, 7588, 7588, 7588, 7405, 7405, 7405, 7405, 7405, 7405, 7405, 1410, 7370, 7370, 7370, 7370, 7370, 7370, 7370, 7370, 7771, 7771, 7771, 7771, 7771, 7771, 7771, 7771, 7695, 7695, 7695, 7695, 7695, 7695, 7695, 7695, 7888, 7888, 7888, 7888, 7888, 7888, 7888, 7888, 968, 5434, 5434, 5434, 5434, 5434, 5434, 5434, 7851, 7851, 7851, 7851, 7851, 7851, 7851, 2123, 7805, 7805, 7805, 7805, 7805, 7805, 7805, 7805, 7904, 7904, 7904, 7904, 7904, 7904, 7904, 1693, 7660, 7660, 7660, 7660, 680, 7660, 7660, 7660, 7301, 7301, 7301, 7301, 7301, 7301, 7301, 7301, 7932, 7932, 7932, 7932, 7932, 7932, 7932, 7932, 7770, 7770, 7770, 7770, 7770, 7770, 7770, 7770, 7646, 7646, 7646, 7646, 7646, 7646, 7646, 7646, 1876, 7943, 7943, 7943, 7943, 7943], "total_time": 987.1883788426718, "overall_sparsity": 70.91606783706095}