{"generate_lens": [7737, 7737, 7737, 1103, 7737, 7737, 7737, 7737, 7906, 7906, 7906, 7906, 7906, 7906, 7906, 7906, 7662, 7662, 7662, 1763, 7662, 7662, 7662, 7662, 7827, 7827, 2222, 7827, 7827, 7827, 7827, 7827, 7751, 7751, 7751, 1903, 7751, 7751, 7751, 2038, 7937, 7937, 7937, 7937, 7937, 7937, 7937, 7937, 7783, 2139, 7783, 7783, 7783, 7783, 7783, 7783, 7969, 7969, 7969, 7969, 7969, 7969, 7969, 7969, 7916, 7916, 7916, 7916, 7916, 7916, 7916, 7916, 7588, 7588, 7588, 7588, 7588, 7588, 7588, 7588, 7405, 7405, 7405, 1195, 7405, 7405, 7405, 1547, 7370, 7370, 7370, 7370, 7370, 6260, 7370, 7370, 7771, 7771, 7771, 7771, 7771, 7771, 7771, 7771, 7695, 7695, 7695, 7695, 7695, 7695, 7695, 7695, 7888, 7888, 7888, 7888, 7888, 7888, 7888, 7888, 1129, 5434, 5434, 5434, 5434, 5434, 5434, 5434, 7851, 7851, 7851, 7851, 7851, 7851, 7851, 6054, 7805, 7805, 7805, 7805, 7805, 7805, 7805, 7805, 7904, 7904, 7904, 7904, 7904, 7904, 7904, 1888, 7660, 7660, 7660, 7660, 874, 7660, 7660, 7660, 7301, 7301, 7301, 7301, 7301, 7301, 7301, 5441, 7932, 7932, 7932, 7932, 7932, 7932, 7932, 7932, 7770, 7770, 7770, 7770, 7770, 7770, 7770, 7770, 7646, 5296, 7646, 7646, 4955, 7646, 7646, 7646, 5510, 7943, 7943, 7943, 7943, 7943], "total_time": 714.9014760176341, "overall_sparsity": 71.3112009317904}